claim_text,title,rating,publisher,date,url,country,source_type
Nigeria has launched a missile into Burkina Faso,"No, Nigeria has not launched a missile into Burkina Faso",False,Africa Check,2025-05-08,https://africacheck.org/fact-checks/meta-programme-fact-checks/no-nigeria-has-not-launched-missile-burkina-faso,Nigeria,published_factcheck
Nigeria's NYSC has issued a new directive changing call-up numbers and moving newly registered corps members,Ignore fake graphic with confusing claim about NYSC call-ups in Nigeria,False,Africa Check,2025-05-05,https://africacheck.org/fact-checks/meta-programme-fact-checks/ignore-fake-graphic-confusing-claim-about-nysc-call-ups,Nigeria,published_factcheck
A bomb blast in Abuja killed 26 people in an assassination attempt targeting Nigeria's vice president,No bomb blast in Abuja: Claim that assasination attempt on Nigeria's vice president left 26 dead is false,False,Africa Check,2025-04-30,https://africacheck.org/fact-checks/meta-programme-fact-checks/no-bomb-blast-abuja-claim-assasination-attempt-nigerias-vice,Nigeria,published_factcheck
Nigeria's Rivers state governor Siminalayi Fubara apologised to Nyesom Wike,No evidence that suspended governor of Nigeria’s Rivers state apologised to his predecessor,False,Africa Check,2025-05-19,https://africacheck.org/fact-checks/meta-programme-fact-checks/no-evidence-suspended-governor-nigerias-rivers-state,Nigeria,published_factcheck
Abia is the first Nigerian state to launch an electric bus transport system,"No, Abia not the first Nigerian state to launch electric bus transport system",False,Africa Check,2025-10-20,https://africacheck.org/fact-checks/meta-programme-fact-checks/no-abia-not-first-nigerian-state-launch-electric-bus,Nigeria,published_factcheck
The Nigerian government plans to remove pockets from police uniforms to stop bribery,"No, Nigerian government is not planning to remove pockets from police uniforms to curb bribery",False,Africa Check,2025-09-15,https://africacheck.org/fact-checks/meta-programme-fact-checks/no-nigerian-government-not-planning-remove-pockets-police,Nigeria,published_factcheck
"Atiku Abubakar is giving Nigerians N20,000","Nigerian politician Atiku Abubakar not giving away N20,000 to Nigerians",False,Africa Check,2024-09-20,https://africacheck.org/fact-checks/meta-programme-fact-checks/nigerian-politician-atiku-abubakar-not-giving-away-n20000,Nigeria,published_factcheck
Nigeria has increased VAT from 7.5 percent to 10 percent,"No, the Nigerian government hasn't sharply increased VAT from 7.5% to 10%",False,Africa Check,2024-09-17,https://www.africacheck.org/fact-checks/meta-programme-fact-checks/no-nigerian-government-hasnt-sharply-increased-vat-75-10,Nigeria,published_factcheck
Nigeria has passed a new Cybercrimes Act 2025,"No, Nigeria has not passed a new cybercrimes law in 2025",False,Africa Check,2025-09-16,https://www.africacheck.org/fact-checks/meta-programme-fact-checks/no-nigeria-has-not-passed-new-cybercrimes-law-2025,Nigeria,published_factcheck
US soldiers arrested Nigeria's Senate President Godswill Akpabio,"No, US soldiers did not arrest Nigeria’s senate president Godswill Akpabio",False,Africa Check,2026-02-24,https://africacheck.org/fact-checks/meta-programme-fact-checks/no-us-soldiers-did-not-arrest-nigerias-senate-president,Nigeria,published_factcheck
FIFA has granted Nigeria a direct play-off spot in the 2026 World Cup qualifiers,No evidence Fifa has granted Nigeria a direct play-off spot in 2026 World Cup qualifiers,False,Africa Check,2026-02-24,https://africacheck.org/fact-checks/meta-programme-fact-checks/no-evidence-fifa-has-granted-nigeria-direct-play-spot-2026,Nigeria,published_factcheck
Nigeria's President Bola Tinubu is in the released Epstein files,"No, Nigeria's president Bola Tinubu is not in released Epstein files",False,Africa Check,2026-02-20,https://africacheck.org/fact-checks/meta-programme-fact-checks/no-nigerias-president-bola-tinubu-not-released-epstein-files,Nigeria,published_factcheck
Mufti Ismail Menk is giving money to Nigerians for Ramadan,"No, popular Islamic preacher Menk is not giving away money to Nigerians for Ramadan",False,Africa Check,2026-02-17,https://africacheck.org/fact-checks/meta-programme-fact-checks/no-popular-islamic-preacher-menk-not-giving-away-money,Nigeria,published_factcheck
Sheikh Gumi told Kwara state government to accept Sharia law,No evidence Nigeria’s controversial Islamic cleric Sheikh Gumi told Kwara state government to ‘accept Sharia law’,False,Africa Check,2026-02-17,https://africacheck.org/fact-checks/meta-programme-fact-checks/no-evidence-nigerias-controversial-islamic-cleric-sheikh,Nigeria,published_factcheck
FBI seized a 300 million dollar mansion belonging to Nigerian politician Rabiu Kwankwaso,No evidence FBI has seized ‘$300 million US mansion’ belonging to Nigerian politician Rabiu Kwankwaso,False,Africa Check,2026-02-20,https://africacheck.org/fact-checks/meta-programme-fact-checks/no-evidence-fbi-has-seized-300-million-us-mansion-belonging,Nigeria,published_factcheck
Nigerian politician Nasir El-Rufai released a video accusing Tinubu of eating children,No evidence Nigeria’s Nasir El-Rufai released video accusing political rival president Tinubu of ‘eating children’,False,Africa Check,2026-02-26,https://africacheck.org/fact-checks/meta-programme-fact-checks/no-evidence-nigerias-nasir-el-rufai-released-video-accusing,Nigeria,published_factcheck
Nnamdi Kanu rejected a N100 billion offer and refused to meet Nigeria's president,"No evidence that jailed separatist leader Nnamdi Kanu rejected N100 billion, refused to meet Nigeria’s president",False,Africa Check,2026-02-25,https://africacheck.org/fact-checks/meta-programme-fact-checks/no-evidence-jailed-separatist-leader-nnamdi-kanu-rejected,Nigeria,published_factcheck
